shape,group,label,method,num_tests,warmup,breather,rep,tflops,clk_min,clk_med,clk_max,n_clk_samples,kernel_ms
16384x16384x16384,A,bench_kineto,bench_kineto,10,0,flush8,0,6883,2062,2062.0,2062,254,1.387
16384x16384x16384,A,bench_kineto,bench_kineto,10,0,flush8,1,6861,2062,2062,2062,25,1.387
16384x16384x16384,A,bench_kineto,bench_kineto,10,0,flush8,2,6861,2062,2062,2062,25,1.387
16384x16384x16384,A,event(B),event,10,10,flush8,0,6543,2062,2062,2062,11,1.387
16384x16384x16384,A,event(B),event,10,10,flush8,1,6502,2062,2062.0,2062,12,1.387
16384x16384x16384,A,event(B),event,10,10,flush8,2,6507,1882,1882.0,1882,12,1.387
16384x16384x16384,A,graph,graph,10,10,flush8,0,6566,2062,2062.0,2062,12,1.387
16384x16384x16384,A,graph,graph,10,10,flush8,1,6520,2062,2062.0,2062,12,1.387
16384x16384x16384,A,graph,graph,10,10,flush8,2,6593,2062,2062.0,2062,12,1.387
16384x16384x16384,A,event+sync,event_sync,10,10,flush8,0,6698,1845,1845.0,1845,12,1.387
16384x16384x16384,A,event+sync,event_sync,10,10,flush8,1,6706,1845,1845.0,1845,12,1.387
16384x16384x16384,A,event+sync,event_sync,10,10,flush8,2,6703,2062,2062.0,2062,12,1.387
16384x16384x16384,B,nt=1,event,1,10,flush8,0,6719,2062,2062.0,2062,2,1.387
16384x16384x16384,B,nt=1,event,1,10,flush8,1,6616,2062,2062,2062,1,1.387
16384x16384x16384,B,nt=1,event,1,10,flush8,2,6657,1912,1912,1912,1,1.387
16384x16384x16384,B,nt=5,event,5,10,flush8,0,6664,1912,1912.0,1912,6,1.387
16384x16384x16384,B,nt=5,event,5,10,flush8,1,6689,1912,1912,1912,5,1.387
16384x16384x16384,B,nt=5,event,5,10,flush8,2,6639,2055,2055.0,2055,6,1.387
16384x16384x16384,B,nt=10,event,10,10,flush8,0,6633,2055,2055.0,2055,12,1.387
16384x16384x16384,B,nt=10,event,10,10,flush8,1,6689,2055,2055.0,2062,12,1.387
16384x16384x16384,B,nt=10,event,10,10,flush8,2,6674,2062,2062.0,2062,12,1.387
16384x16384x16384,B,nt=30,event,30,10,flush8,0,6690,2062,2062.0,2062,34,1.387
16384x16384x16384,B,nt=30,event,30,10,flush8,1,6647,2062,2062.0,2062,34,1.387
16384x16384x16384,B,nt=30,event,30,10,flush8,2,6684,2062,2062.0,2062,34,1.387
16384x16384x16384,C,br=none,event,10,10,none,0,6521,2062,2062.0,2062,6,1.387
16384x16384x16384,C,br=none,event,10,10,none,1,5940,2062,2062,2062,7,1.387
16384x16384x16384,C,br=none,event,10,10,none,2,5801,1755,1755.0,1755,8,1.387
16384x16384x16384,C,br=flush8,event,10,10,flush8,0,6303,1755,1755,1755,13,1.387
16384x16384x16384,C,br=flush8,event,10,10,flush8,1,6643,1867,1867,1867,11,1.387
16384x16384x16384,C,br=flush8,event,10,10,flush8,2,6649,1867,1867,1867,11,1.387
16384x16384x16384,C,br=flush32,event,10,10,flush32,0,6703,2062,2062.0,2062,26,1.387
16384x16384x16384,C,br=flush32,event,10,10,flush32,1,6706,2062,2062.0,2062,26,1.387
16384x16384x16384,C,br=flush32,event,10,10,flush32,2,6706,2062,2062,2062,27,1.387
16384x16384x16384,C,br=flushA,event,10,10,flushA,0,6705,2062,2062.0,2062,18,1.387
16384x16384x16384,C,br=flushA,event,10,10,flushA,1,6698,2062,2062,2062,19,1.387
16384x16384x16384,C,br=flushA,event,10,10,flushA,2,6704,2062,2062.0,2062,18,1.387
16384x16384x16384,C,br=sleep,event,10,10,sleep,0,6716,2062,2062,2062,13,1.387
16384x16384x16384,C,br=sleep,event,10,10,sleep,1,6713,2062,2062,2062,13,1.387
16384x16384x16384,C,br=sleep,event,10,10,sleep,2,6705,2062,2062,2062,13,1.387
16384x16384x16384,D,wu=2,event,10,2,flush8,0,6692,2062,2062.0,2062,12,1.387
16384x16384x16384,D,wu=2,event,10,2,flush8,1,6688,2062,2062,2062,11,1.387
16384x16384x16384,D,wu=2,event,10,2,flush8,2,6671,2062,2062,2062,11,1.387
16384x16384x16384,D,wu=10,event,10,10,flush8,0,6681,2010,2010,2010,11,1.387
16384x16384x16384,D,wu=10,event,10,10,flush8,1,6652,2010,2010,2010,11,1.387
16384x16384x16384,D,wu=10,event,10,10,flush8,2,6692,1912,1912,1912,11,1.387
16384x16384x16384,D,wu=30,event,10,30,flush8,0,6677,1912,2062.0,2062,12,1.387
16384x16384x16384,D,wu=30,event,10,30,flush8,1,6657,2055,2062.0,2062,12,1.387
16384x16384x16384,D,wu=30,event,10,30,flush8,2,6625,1957,2055,2055,11,1.387
16384x16384x16384,D,wu=60,event,10,60,flush8,0,6640,2062,2062.0,2062,12,1.387
16384x16384x16384,D,wu=60,event,10,60,flush8,1,6643,2010,2010.0,2010,12,1.387
16384x16384x16384,D,wu=60,event,10,60,flush8,2,6649,2032,2032.0,2032,12,1.387
16384x16384x16384,D,wu10+idle0.5,event,10,10,flush8,0,6579,2062,2062,2062,11,1.387
16384x16384x16384,D,wu10+idle0.5,event,10,10,flush8,1,6583,2062,2062.0,2062,12,1.387
16384x16384x16384,D,wu10+idle0.5,event,10,10,flush8,2,6566,2062,2062.0,2062,12,1.387
16384x16384x16384,E,graph+nt5+flush32,graph,5,10,flush32,0,6589,2062,2062.0,2062,14,1.387
16384x16384x16384,E,graph+nt5+flush32,graph,5,10,flush32,1,6579,2062,2062,2062,13,1.387
16384x16384x16384,E,graph+nt5+flush32,graph,5,10,flush32,2,6577,2062,2062,2062,13,1.387
16384x16384x16384,E,event+nt5+flushA,event,5,10,flushA,0,6573,2062,2062,2062,9,1.387
16384x16384x16384,E,event+nt5+flushA,event,5,10,flushA,1,6552,2062,2062.0,2062,10,1.387
16384x16384x16384,E,event+nt5+flushA,event,5,10,flushA,2,6704,2062,2062,2062,9,1.387
16384x16384x16384,E,event+nt1+sleep,event,1,10,sleep,0,6698,2062,2062,2062,1,1.387
16384x16384x16384,E,event+nt1+sleep,event,1,10,sleep,1,6719,2062,2062,2062,1,1.387
16384x16384x16384,E,event+nt1+sleep,event,1,10,sleep,2,6730,2062,2062,2062,1,1.387
16384x16384x32768,A,bench_kineto,bench_kineto,10,0,flush8,0,6932,1477,1477.0,2062,40,2.654
16384x16384x32768,A,bench_kineto,bench_kineto,10,0,flush8,1,6989,1477,1477,1665,39,2.654
16384x16384x32768,A,bench_kineto,bench_kineto,10,0,flush8,2,7108,1665,1665.0,1770,38,2.654
16384x16384x32768,A,event(B),event,10,10,flush8,0,6638,1770,1770.0,1770,18,2.654
16384x16384x32768,A,event(B),event,10,10,flush8,1,6599,1695,1695.0,1695,18,2.654
16384x16384x32768,A,event(B),event,10,10,flush8,2,6495,1650,1650.0,1695,18,2.654
16384x16384x32768,A,graph,graph,10,10,flush8,0,6738,2025,2025.0,2025,18,2.654
16384x16384x32768,A,graph,graph,10,10,flush8,1,6544,1755,1755,1755,19,2.654
16384x16384x32768,A,graph,graph,10,10,flush8,2,6598,1642,1642.0,1755,18,2.654
16384x16384x32768,A,event+sync,event_sync,10,10,flush8,0,6554,1642,1642.0,1642,18,2.654
16384x16384x32768,A,event+sync,event_sync,10,10,flush8,1,6601,1642,1642.0,1642,18,2.654
16384x16384x32768,A,event+sync,event_sync,10,10,flush8,2,6576,1657,1657.0,1657,18,2.654
16384x16384x32768,B,nt=1,event,1,10,flush8,0,6619,1657,1657.0,1657,2,2.654
16384x16384x32768,B,nt=1,event,1,10,flush8,1,6556,1740,1740.0,1740,2,2.654
16384x16384x32768,B,nt=1,event,1,10,flush8,2,6749,1740,1740.0,1740,2,2.654
16384x16384x32768,B,nt=5,event,5,10,flush8,0,6522,1695,1695,1695,9,2.654
16384x16384x32768,B,nt=5,event,5,10,flush8,1,6335,1695,1695,1695,9,2.654
16384x16384x32768,B,nt=5,event,5,10,flush8,2,6342,1537,1537.0,1537,10,2.654
16384x16384x32768,B,nt=10,event,10,10,flush8,0,6726,1537,1545,1545,19,2.654
16384x16384x32768,B,nt=10,event,10,10,flush8,1,6592,1545,1545,1642,19,2.654
16384x16384x32768,B,nt=10,event,10,10,flush8,2,6571,1642,1642.0,1642,18,2.654
16384x16384x32768,B,nt=30,event,30,10,flush8,0,6706,1642,1642.0,1732,54,2.654
16384x16384x32768,B,nt=30,event,30,10,flush8,1,6666,1695,1695.0,1732,54,2.654
16384x16384x32768,B,nt=30,event,30,10,flush8,2,6578,1642,1672,1672,55,2.654
16384x16384x32768,C,br=none,event,10,10,none,0,5985,1642,1642.0,1642,14,2.654
16384x16384x32768,C,br=none,event,10,10,none,1,5492,1642,1642,1642,15,2.654
16384x16384x32768,C,br=none,event,10,10,none,2,5585,1290,1290,1642,15,2.654
16384x16384x32768,C,br=flush8,event,10,10,flush8,0,6301,1290,1290.0,1537,20,2.654
16384x16384x32768,C,br=flush8,event,10,10,flush8,1,6603,1537,1537,1537,19,2.654
16384x16384x32768,C,br=flush8,event,10,10,flush8,2,6483,1657,1657,1657,19,2.654
16384x16384x32768,C,br=flush32,event,10,10,flush32,0,6895,1680,1680,1680,33,2.654
16384x16384x32768,C,br=flush32,event,10,10,flush32,1,6819,2062,2062,2062,33,2.654
16384x16384x32768,C,br=flush32,event,10,10,flush32,2,6814,2062,2062.0,2062,32,2.654
16384x16384x32768,C,br=flushA,event,10,10,flushA,0,6814,2062,2062,2062,29,2.654
16384x16384x32768,C,br=flushA,event,10,10,flushA,1,6806,2062,2062,2062,29,2.654
16384x16384x32768,C,br=flushA,event,10,10,flushA,2,6811,2062,2062.0,2062,30,2.654
16384x16384x32768,C,br=sleep,event,10,10,sleep,0,6836,2062,2062.0,2062,26,2.654
16384x16384x32768,C,br=sleep,event,10,10,sleep,1,6833,2062,2062.0,2062,26,2.654
16384x16384x32768,C,br=sleep,event,10,10,sleep,2,6834,2062,2062.0,2062,26,2.654
16384x16384x32768,D,wu=2,event,10,2,flush8,0,6807,2062,2062,2062,17,2.654
16384x16384x32768,D,wu=2,event,10,2,flush8,1,6787,2062,2062.0,2062,18,2.654
16384x16384x32768,D,wu=2,event,10,2,flush8,2,6549,2062,2062,2062,19,2.654
16384x16384x32768,D,wu=10,event,10,10,flush8,0,6721,1635,1635.0,1635,18,2.654
16384x16384x32768,D,wu=10,event,10,10,flush8,1,6685,1635,1695.0,1695,18,2.654
16384x16384x32768,D,wu=10,event,10,10,flush8,2,6735,1695,1695.0,1695,18,2.654
16384x16384x32768,D,wu=30,event,10,30,flush8,0,6771,1717,1717.0,1717,18,2.654
16384x16384x32768,D,wu=30,event,10,30,flush8,1,6477,1792,1792.0,1792,18,2.654
16384x16384x32768,D,wu=30,event,10,30,flush8,2,6581,1582,1582,1582,19,2.654
16384x16384x32768,D,wu=60,event,10,60,flush8,0,6396,1605,1605,1665,19,2.654
16384x16384x32768,D,wu=60,event,10,60,flush8,1,6546,1627,1627,1627,19,2.654
16384x16384x32768,D,wu=60,event,10,60,flush8,2,6541,1627,1627,1627,19,2.654
16384x16384x32768,D,wu10+idle0.5,event,10,10,flush8,0,6690,2062,2062.0,2062,18,2.654
16384x16384x32768,D,wu10+idle0.5,event,10,10,flush8,1,6687,2062,2062.0,2062,18,2.654
16384x16384x32768,D,wu10+idle0.5,event,10,10,flush8,2,6687,2062,2062.0,2062,18,2.654
16384x16384x32768,E,graph+nt5+flush32,graph,5,10,flush32,0,6839,2062,2062,2062,17,2.654
16384x16384x32768,E,graph+nt5+flush32,graph,5,10,flush32,1,6845,2062,2062.0,2062,16,2.654
16384x16384x32768,E,graph+nt5+flush32,graph,5,10,flush32,2,6847,2062,2062.0,2062,16,2.654
16384x16384x32768,E,event+nt5+flushA,event,5,10,flushA,0,6836,2062,2062,2062,15,2.654
16384x16384x32768,E,event+nt5+flushA,event,5,10,flushA,1,6826,2062,2062,2062,15,2.654
16384x16384x32768,E,event+nt5+flushA,event,5,10,flushA,2,6828,2062,2062,2062,15,2.654
16384x16384x32768,E,event+nt1+sleep,event,1,10,sleep,0,6843,2062,2062,2062,3,2.654
16384x16384x32768,E,event+nt1+sleep,event,1,10,sleep,1,6827,2062,2062.0,2062,2,2.654
16384x16384x32768,E,event+nt1+sleep,event,1,10,sleep,2,6849,2062,2062.0,2062,2,2.654
32768x16384x16384,A,bench_kineto,bench_kineto,10,0,flush8,0,6923,1905,1905.0,2062,38,2.599
32768x16384x16384,A,bench_kineto,bench_kineto,10,0,flush8,1,6840,1732,1732.0,1905,38,2.599
32768x16384x16384,A,bench_kineto,bench_kineto,10,0,flush8,2,6859,1717,1732,1732,39,2.599
32768x16384x16384,A,event(B),event,10,10,flush8,0,6841,1717,1717.0,2062,18,2.599
32768x16384x16384,A,event(B),event,10,10,flush8,1,6678,2062,2062.0,2062,18,2.599
32768x16384x16384,A,event(B),event,10,10,flush8,2,6689,1747,1747.0,1747,18,2.599
32768x16384x16384,A,graph,graph,10,10,flush8,0,6499,1740,1740,1740,19,2.599
32768x16384x16384,A,graph,graph,10,10,flush8,1,6469,1672,1672,1740,19,2.599
32768x16384x16384,A,graph,graph,10,10,flush8,2,6544,1672,1672,1725,19,2.599
32768x16384x16384,A,event+sync,event_sync,10,10,flush8,0,6482,1725,1725,1725,19,2.599
32768x16384x16384,A,event+sync,event_sync,10,10,flush8,1,6529,1680,1680.0,1680,18,2.599
32768x16384x16384,A,event+sync,event_sync,10,10,flush8,2,6650,1680,1680.0,1680,18,2.599
32768x16384x16384,B,nt=1,event,1,10,flush8,0,6586,1680,1680,1680,1,2.599
32768x16384x16384,B,nt=1,event,1,10,flush8,1,6409,1702,1702.0,1702,2,2.599
32768x16384x16384,B,nt=1,event,1,10,flush8,2,6558,1702,1702.0,1702,2,2.599
32768x16384x16384,B,nt=5,event,5,10,flush8,0,6501,1740,1740,1740,9,2.599
32768x16384x16384,B,nt=5,event,5,10,flush8,1,6543,1740,1740.0,1740,10,2.599
32768x16384x16384,B,nt=5,event,5,10,flush8,2,6610,1635,1635,1635,9,2.599
32768x16384x16384,B,nt=10,event,10,10,flush8,0,6416,1635,1635,1635,19,2.599
32768x16384x16384,B,nt=10,event,10,10,flush8,1,6291,1635,1635,1635,19,2.599
32768x16384x16384,B,nt=10,event,10,10,flush8,2,6593,1612,1612.0,1612,18,2.599
32768x16384x16384,B,nt=30,event,30,10,flush8,0,6478,1627,1717.0,1717,56,2.599
32768x16384x16384,B,nt=30,event,30,10,flush8,1,6503,1627,1650.0,1650,56,2.599
32768x16384x16384,B,nt=30,event,30,10,flush8,2,6592,1642,1657,1657,55,2.599
32768x16384x16384,C,br=none,event,10,10,none,0,6185,1642,1642.0,1642,14,2.599
32768x16384x16384,C,br=none,event,10,10,none,1,5462,1455,1455,1455,15,2.599
32768x16384x16384,C,br=none,event,10,10,none,2,5557,1357,1406.0,1455,16,2.599
32768x16384x16384,C,br=flush8,event,10,10,flush8,0,6537,1357,1357,1357,19,2.599
32768x16384x16384,C,br=flush8,event,10,10,flush8,1,6556,1470,1470,1470,19,2.599
32768x16384x16384,C,br=flush8,event,10,10,flush8,2,6516,1665,1665,1665,19,2.599
32768x16384x16384,C,br=flush32,event,10,10,flush32,0,6887,1672,1672.0,1672,32,2.599
32768x16384x16384,C,br=flush32,event,10,10,flush32,1,6805,2062,2062,2062,33,2.599
32768x16384x16384,C,br=flush32,event,10,10,flush32,2,6819,2062,2062,2062,33,2.599
32768x16384x16384,C,br=flushA,event,10,10,flushA,0,6808,2062,2062,2062,33,2.599
32768x16384x16384,C,br=flushA,event,10,10,flushA,1,6810,2062,2062,2062,33,2.599
32768x16384x16384,C,br=flushA,event,10,10,flushA,2,6814,2062,2062,2062,33,2.599
32768x16384x16384,C,br=sleep,event,10,10,sleep,0,6816,2062,2062,2062,25,2.599
32768x16384x16384,C,br=sleep,event,10,10,sleep,1,6817,2062,2062.0,2062,26,2.599
32768x16384x16384,C,br=sleep,event,10,10,sleep,2,6818,2062,2062,2062,25,2.599
32768x16384x16384,D,wu=2,event,10,2,flush8,0,6864,2062,2062.0,2062,18,2.599
32768x16384x16384,D,wu=2,event,10,2,flush8,1,6682,2062,2062.0,2062,18,2.599
32768x16384x16384,D,wu=2,event,10,2,flush8,2,6602,1732,2062.0,2062,18,2.599
32768x16384x16384,D,wu=10,event,10,10,flush8,0,6550,1732,1732.0,1732,18,2.599
32768x16384x16384,D,wu=10,event,10,10,flush8,1,6707,1695,1695.0,1695,18,2.599
32768x16384x16384,D,wu=10,event,10,10,flush8,2,6645,1747,1747.0,1747,18,2.599
32768x16384x16384,D,wu=30,event,10,30,flush8,0,6550,1710,1710.0,1710,18,2.599
32768x16384x16384,D,wu=30,event,10,30,flush8,1,6282,1695,1695,1695,19,2.599
32768x16384x16384,D,wu=30,event,10,30,flush8,2,6488,1627,1627.0,1627,18,2.599
32768x16384x16384,D,wu=60,event,10,60,flush8,0,6610,1695,1695.0,1695,18,2.599
32768x16384x16384,D,wu=60,event,10,60,flush8,1,6615,1695,1695.0,1740,18,2.599
32768x16384x16384,D,wu=60,event,10,60,flush8,2,6362,1627,1627,1627,19,2.599
32768x16384x16384,D,wu10+idle0.5,event,10,10,flush8,0,6706,2062,2062,2062,17,2.599
32768x16384x16384,D,wu10+idle0.5,event,10,10,flush8,1,6671,2062,2062.0,2062,18,2.599
32768x16384x16384,D,wu10+idle0.5,event,10,10,flush8,2,6676,2062,2062,2062,17,2.599
32768x16384x16384,E,graph+nt5+flush32,graph,5,10,flush32,0,6839,2062,2062,2062,17,2.599
32768x16384x16384,E,graph+nt5+flush32,graph,5,10,flush32,1,6834,2062,2062,2062,17,2.599
32768x16384x16384,E,graph+nt5+flush32,graph,5,10,flush32,2,6826,2062,2062.0,2062,16,2.599
32768x16384x16384,E,event+nt5+flushA,event,5,10,flushA,0,6831,2062,2062.0,2062,16,2.599
32768x16384x16384,E,event+nt5+flushA,event,5,10,flushA,1,6831,2062,2062,2062,17,2.599
32768x16384x16384,E,event+nt5+flushA,event,5,10,flushA,2,6823,2062,2062,2062,17,2.599
32768x16384x16384,E,event+nt1+sleep,event,1,10,sleep,0,6821,2062,2062,2062,3,2.599
32768x16384x16384,E,event+nt1+sleep,event,1,10,sleep,1,6822,2062,2062,2062,3,2.599
32768x16384x16384,E,event+nt1+sleep,event,1,10,sleep,2,6833,2062,2062,2062,3,2.599
32768x16384x32768,A,bench_kineto,bench_kineto,10,0,flush8,0,6690,1387,1387,2062,69,5.117
32768x16384x32768,A,bench_kineto,bench_kineto,10,0,flush8,1,6546,1387,1545,1545,69,5.117
32768x16384x32768,A,bench_kineto,bench_kineto,10,0,flush8,2,6692,1432,1507,1507,69,5.117
32768x16384x32768,A,event(B),event,10,10,flush8,0,6114,1425,1567,1567,35,5.117
32768x16384x32768,A,event(B),event,10,10,flush8,1,5976,1372,1372,1372,35,5.117
32768x16384x32768,A,event(B),event,10,10,flush8,2,6250,1402,1402.0,1477,34,5.117
32768x16384x32768,A,graph,graph,10,10,flush8,0,6353,2002,2002.0,2002,32,5.117
32768x16384x32768,A,graph,graph,10,10,flush8,1,6330,1500,1507,1507,33,5.117
32768x16384x32768,A,graph,graph,10,10,flush8,2,6445,1500,1545,1545,33,5.117
32768x16384x32768,A,event+sync,event_sync,10,10,flush8,0,6310,1582,1582,1582,33,5.117
32768x16384x32768,A,event+sync,event_sync,10,10,flush8,1,6094,1492,1492.0,1515,34,5.117
32768x16384x32768,A,event+sync,event_sync,10,10,flush8,2,6118,1432,1432.0,1515,34,5.117
32768x16384x32768,B,nt=1,event,1,10,flush8,0,6469,1500,1500,1500,3,5.117
32768x16384x32768,B,nt=1,event,1,10,flush8,1,5986,1395,1395,1395,3,5.117
32768x16384x32768,B,nt=1,event,1,10,flush8,2,6446,1395,1395.0,1395,4,5.117
32768x16384x32768,B,nt=5,event,5,10,flush8,0,6299,1545,1545.0,1545,16,5.117
32768x16384x32768,B,nt=5,event,5,10,flush8,1,6289,1462,1462,1462,17,5.117
32768x16384x32768,B,nt=5,event,5,10,flush8,2,6307,1477,1477,1492,17,5.117
32768x16384x32768,B,nt=10,event,10,10,flush8,0,6378,1470,1470,1492,33,5.117
32768x16384x32768,B,nt=10,event,10,10,flush8,1,6227,1522,1522,1522,33,5.117
32768x16384x32768,B,nt=10,event,10,10,flush8,2,6217,1432,1432.0,1477,34,5.117
32768x16384x32768,B,nt=30,event,30,10,flush8,0,6197,1455,1477,1477,101,5.117
32768x16384x32768,B,nt=30,event,30,10,flush8,1,6239,1455,1455.0,1492,100,5.117
32768x16384x32768,B,nt=30,event,30,10,flush8,2,6139,1410,1455.0,1492,102,5.117
32768x16384x32768,C,br=none,event,10,10,none,0,5462,1462,1462,1462,31,5.117
32768x16384x32768,C,br=none,event,10,10,none,1,5542,1290,1290,1297,31,5.117
32768x16384x32768,C,br=none,event,10,10,none,2,5650,1290,1297.0,1297,30,5.117
32768x16384x32768,C,br=flush8,event,10,10,flush8,0,6210,1290,1290,1290,33,5.117
32768x16384x32768,C,br=flush8,event,10,10,flush8,1,6322,1455,1455,1455,33,5.117
32768x16384x32768,C,br=flush8,event,10,10,flush8,2,6333,1455,1500,1500,33,5.117
32768x16384x32768,C,br=flush32,event,10,10,flush32,0,7026,1470,1470,1860,45,5.117
32768x16384x32768,C,br=flush32,event,10,10,flush32,1,7012,1965,1965,1965,45,5.117
32768x16384x32768,C,br=flush32,event,10,10,flush32,2,7071,2032,2032,2055,45,5.117
32768x16384x32768,C,br=flushA,event,10,10,flushA,0,7081,2062,2062.0,2062,52,5.117
32768x16384x32768,C,br=flushA,event,10,10,flushA,1,7078,2062,2062,2062,53,5.117
32768x16384x32768,C,br=flushA,event,10,10,flushA,2,7077,2062,2062,2062,53,5.117
32768x16384x32768,C,br=sleep,event,10,10,sleep,0,6936,2062,2062.0,2062,50,5.117
32768x16384x32768,C,br=sleep,event,10,10,sleep,1,7019,2062,2062,2062,49,5.117
32768x16384x32768,C,br=sleep,event,10,10,sleep,2,6943,2062,2062.0,2062,50,5.117
32768x16384x32768,D,wu=2,event,10,2,flush8,0,6877,2062,2062.0,2062,30,5.117
32768x16384x32768,D,wu=2,event,10,2,flush8,1,6411,1530,2062.0,2062,32,5.117
32768x16384x32768,D,wu=2,event,10,2,flush8,2,6382,1500,1530.0,1530,32,5.117
32768x16384x32768,D,wu=10,event,10,10,flush8,0,6436,1500,1567.0,1567,32,5.117
32768x16384x32768,D,wu=10,event,10,10,flush8,1,6428,1560,1560.0,1560,32,5.117
32768x16384x32768,D,wu=10,event,10,10,flush8,2,6202,1477,1537.0,1537,34,5.117
32768x16384x32768,D,wu=30,event,10,30,flush8,0,6244,1425,1425,1425,33,5.117
32768x16384x32768,D,wu=30,event,10,30,flush8,1,6393,1522,1522,1522,33,5.117
32768x16384x32768,D,wu=30,event,10,30,flush8,2,6261,1477,1477,1485,33,5.117
32768x16384x32768,D,wu=60,event,10,60,flush8,0,6151,1432,1432.0,1455,34,5.117
32768x16384x32768,D,wu=60,event,10,60,flush8,1,6276,1477,1515.0,1515,34,5.117
32768x16384x32768,D,wu=60,event,10,60,flush8,2,6234,1530,1530,1530,33,5.117
32768x16384x32768,D,wu10+idle0.5,event,10,10,flush8,0,6929,2062,2062.0,2062,30,5.117
32768x16384x32768,D,wu10+idle0.5,event,10,10,flush8,1,6786,2062,2062,2062,31,5.117
32768x16384x32768,D,wu10+idle0.5,event,10,10,flush8,2,6786,2062,2062,2062,31,5.117
32768x16384x32768,E,graph+nt5+flush32,graph,5,10,flush32,0,6915,1492,1492,1695,23,5.117
32768x16384x32768,E,graph+nt5+flush32,graph,5,10,flush32,1,6904,1852,1852,1852,23,5.117
32768x16384x32768,E,graph+nt5+flush32,graph,5,10,flush32,2,6925,1912,1912.0,1912,22,5.117
32768x16384x32768,E,event+nt5+flushA,event,5,10,flushA,0,6942,2062,2062.0,2062,26,5.117
32768x16384x32768,E,event+nt5+flushA,event,5,10,flushA,1,6933,2062,2062.0,2062,26,5.117
32768x16384x32768,E,event+nt5+flushA,event,5,10,flushA,2,6932,2062,2062.0,2062,26,5.117
32768x16384x32768,E,event+nt1+sleep,event,1,10,sleep,0,6925,2062,2062,2062,5,5.117
32768x16384x32768,E,event+nt1+sleep,event,1,10,sleep,1,6948,2062,2062,2062,5,5.117
32768x16384x32768,E,event+nt1+sleep,event,1,10,sleep,2,6942,2062,2062,2062,5,5.117
8192x32768x32768,A,bench_kineto,bench_kineto,10,0,flush8,0,6859,1852,1852.0,2062,40,2.635
8192x32768x32768,A,bench_kineto,bench_kineto,10,0,flush8,1,7071,1852,1852,2062,39,2.635
8192x32768x32768,A,bench_kineto,bench_kineto,10,0,flush8,2,7105,1800,2062.0,2062,38,2.635
8192x32768x32768,A,event(B),event,10,10,flush8,0,6749,1800,1800.0,1800,18,2.635
8192x32768x32768,A,event(B),event,10,10,flush8,1,6720,1852,1852.0,1852,18,2.635
8192x32768x32768,A,event(B),event,10,10,flush8,2,6600,1740,1740.0,1740,18,2.635
8192x32768x32768,A,graph,graph,10,10,flush8,0,6840,1732,1732.0,1732,18,2.635
8192x32768x32768,A,graph,graph,10,10,flush8,1,6773,1732,1800.0,1800,18,2.635
8192x32768x32768,A,graph,graph,10,10,flush8,2,6732,1785,1800.0,1800,18,2.635
8192x32768x32768,A,event+sync,event_sync,10,10,flush8,0,6723,1785,1785.0,1785,18,2.635
8192x32768x32768,A,event+sync,event_sync,10,10,flush8,1,6555,1702,1702,1702,19,2.635
8192x32768x32768,A,event+sync,event_sync,10,10,flush8,2,6640,1702,1740,1740,19,2.635
8192x32768x32768,B,nt=1,event,1,10,flush8,0,6568,1740,1740.0,1740,2,2.635
8192x32768x32768,B,nt=1,event,1,10,flush8,1,6400,1665,1665.0,1665,2,2.635
8192x32768x32768,B,nt=1,event,1,10,flush8,2,6506,1665,1665.0,1665,2,2.635
8192x32768x32768,B,nt=5,event,5,10,flush8,0,6439,1695,1695,1695,9,2.635
8192x32768x32768,B,nt=5,event,5,10,flush8,1,6523,1695,1695,1695,9,2.635
8192x32768x32768,B,nt=5,event,5,10,flush8,2,6309,1650,1650.0,1650,10,2.635
8192x32768x32768,B,nt=10,event,10,10,flush8,0,6279,1590,1650,1650,19,2.635
8192x32768x32768,B,nt=10,event,10,10,flush8,1,6545,1590,1590,1590,19,2.635
8192x32768x32768,B,nt=10,event,10,10,flush8,2,6618,1680,1680.0,1680,18,2.635
8192x32768x32768,B,nt=30,event,30,10,flush8,0,6514,1642,1710,1710,55,2.635
8192x32768x32768,B,nt=30,event,30,10,flush8,1,6551,1642,1680.0,1680,56,2.635
8192x32768x32768,B,nt=30,event,30,10,flush8,2,6495,1627,1627.0,1642,56,2.635
8192x32768x32768,C,br=none,event,10,10,none,0,6405,1642,1642.0,1642,14,2.635
8192x32768x32768,C,br=none,event,10,10,none,1,5686,1665,1665,1665,15,2.635
8192x32768x32768,C,br=none,event,10,10,none,2,5500,1320,1665.0,1665,16,2.635
8192x32768x32768,C,br=flush8,event,10,10,flush8,0,5906,1275,1320.0,1320,22,2.635
8192x32768x32768,C,br=flush8,event,10,10,flush8,1,6488,1275,1275.0,1275,18,2.635
8192x32768x32768,C,br=flush8,event,10,10,flush8,2,6646,1680,1680.0,1680,18,2.635
8192x32768x32768,C,br=flush32,event,10,10,flush32,0,6741,1657,1657,1657,33,2.635
8192x32768x32768,C,br=flush32,event,10,10,flush32,1,6740,2062,2062.0,2062,32,2.635
8192x32768x32768,C,br=flush32,event,10,10,flush32,2,6741,2062,2062,2062,33,2.635
8192x32768x32768,C,br=flushA,event,10,10,flushA,0,6750,2062,2062,2062,31,2.635
8192x32768x32768,C,br=flushA,event,10,10,flushA,1,6746,2062,2062,2062,31,2.635
8192x32768x32768,C,br=flushA,event,10,10,flushA,2,6738,2062,2062,2062,31,2.635
8192x32768x32768,C,br=sleep,event,10,10,sleep,0,6762,2062,2062.0,2062,26,2.635
8192x32768x32768,C,br=sleep,event,10,10,sleep,1,6758,2062,2062.0,2062,26,2.635
8192x32768x32768,C,br=sleep,event,10,10,sleep,2,6758,2062,2062,2062,25,2.635
8192x32768x32768,D,wu=2,event,10,2,flush8,0,6728,2062,2062.0,2062,18,2.635
8192x32768x32768,D,wu=2,event,10,2,flush8,1,6791,2062,2062.0,2062,18,2.635
8192x32768x32768,D,wu=2,event,10,2,flush8,2,6676,1740,2062.0,2062,18,2.635
8192x32768x32768,D,wu=10,event,10,10,flush8,0,6721,1740,1740.0,1740,18,2.635
8192x32768x32768,D,wu=10,event,10,10,flush8,1,6641,1755,1755.0,1755,18,2.635
8192x32768x32768,D,wu=10,event,10,10,flush8,2,6657,1740,1740.0,1755,18,2.635
8192x32768x32768,D,wu=30,event,10,30,flush8,0,6652,1732,1732.0,1732,18,2.635
8192x32768x32768,D,wu=30,event,10,30,flush8,1,6391,1635,1635.0,1725,18,2.635
8192x32768x32768,D,wu=30,event,10,30,flush8,2,6502,1567,1567,1567,19,2.635
8192x32768x32768,D,wu=60,event,10,60,flush8,0,6599,1702,1702,1702,19,2.635
8192x32768x32768,D,wu=60,event,10,60,flush8,1,6533,1612,1612,1657,19,2.635
8192x32768x32768,D,wu=60,event,10,60,flush8,2,6417,1657,1657,1657,19,2.635
8192x32768x32768,D,wu10+idle0.5,event,10,10,flush8,0,6621,2062,2062.0,2062,18,2.635
8192x32768x32768,D,wu10+idle0.5,event,10,10,flush8,1,6621,2062,2062.0,2062,18,2.635
8192x32768x32768,D,wu10+idle0.5,event,10,10,flush8,2,6628,2062,2062.0,2062,18,2.635
8192x32768x32768,E,graph+nt5+flush32,graph,5,10,flush32,0,6625,2062,2062,2062,17,2.635
8192x32768x32768,E,graph+nt5+flush32,graph,5,10,flush32,1,6765,2062,2062.0,2062,16,2.635
8192x32768x32768,E,graph+nt5+flush32,graph,5,10,flush32,2,6756,2062,2062.0,2062,16,2.635
8192x32768x32768,E,event+nt5+flushA,event,5,10,flushA,0,6768,2062,2062.0,2062,16,2.635
8192x32768x32768,E,event+nt5+flushA,event,5,10,flushA,1,6769,2062,2062.0,2062,16,2.635
8192x32768x32768,E,event+nt5+flushA,event,5,10,flushA,2,6758,2062,2062,2062,15,2.635
8192x32768x32768,E,event+nt1+sleep,event,1,10,sleep,0,6773,2062,2062,2062,3,2.635
8192x32768x32768,E,event+nt1+sleep,event,1,10,sleep,1,6763,2062,2062,2062,3,2.635
8192x32768x32768,E,event+nt1+sleep,event,1,10,sleep,2,6773,2062,2062.0,2062,2,2.635
32768x32768x8192,A,bench_kineto,bench_kineto,10,0,flush8,0,6245,1830,2062.0,2062,42,2.821
32768x32768x8192,A,bench_kineto,bench_kineto,10,0,flush8,1,6249,1830,1830,1830,41,2.821
32768x32768x8192,A,bench_kineto,bench_kineto,10,0,flush8,2,6326,1830,1852,1852,39,2.821
32768x32768x8192,A,event(B),event,10,10,flush8,0,6074,1800,1800,1800,19,2.821
32768x32768x8192,A,event(B),event,10,10,flush8,1,6063,1702,1702.0,1800,20,2.821
32768x32768x8192,A,event(B),event,10,10,flush8,2,5941,1702,1702.0,1747,20,2.821
32768x32768x8192,A,graph,graph,10,10,flush8,0,6155,1747,2062,2062,19,2.821
32768x32768x8192,A,graph,graph,10,10,flush8,1,5771,1762,1912.0,2062,20,2.821
32768x32768x8192,A,graph,graph,10,10,flush8,2,5805,1695,1762.0,1762,20,2.821
32768x32768x8192,A,event+sync,event_sync,10,10,flush8,0,6069,1695,1695,1695,19,2.821
32768x32768x8192,A,event+sync,event_sync,10,10,flush8,1,6091,1672,1672,1672,19,2.821
32768x32768x8192,A,event+sync,event_sync,10,10,flush8,2,6190,1785,1785,1785,19,2.821
32768x32768x8192,B,nt=1,event,1,10,flush8,0,6197,1785,1785,1785,1,2.821
32768x32768x8192,B,nt=1,event,1,10,flush8,1,5726,1822,1822.0,1822,2,2.821
32768x32768x8192,B,nt=1,event,1,10,flush8,2,5979,1822,1822.0,1822,2,2.821
32768x32768x8192,B,nt=5,event,5,10,flush8,0,5852,1762,1762.0,1762,10,2.821
32768x32768x8192,B,nt=5,event,5,10,flush8,1,5621,1710,1762,1762,11,2.821
32768x32768x8192,B,nt=5,event,5,10,flush8,2,5914,1710,1710.0,1710,10,2.821
32768x32768x8192,B,nt=10,event,10,10,flush8,0,5641,1725,1725,1725,21,2.821
32768x32768x8192,B,nt=10,event,10,10,flush8,1,5801,1665,1665.0,1725,20,2.821
32768x32768x8192,B,nt=10,event,10,10,flush8,2,6190,1665,1665,1755,19,2.821
32768x32768x8192,B,nt=30,event,30,10,flush8,0,6046,1755,1830.0,1830,58,2.821
32768x32768x8192,B,nt=30,event,30,10,flush8,1,6109,1740,1740.0,1822,58,2.821
32768x32768x8192,B,nt=30,event,30,10,flush8,2,6095,1822,1965.0,1965,58,2.821
32768x32768x8192,C,br=none,event,10,10,none,0,5278,1837,1837.0,1837,16,2.821
32768x32768x8192,C,br=none,event,10,10,none,1,5106,1447,1447,1837,17,2.821
32768x32768x8192,C,br=none,event,10,10,none,2,5135,1447,1447.0,1447,16,2.821
32768x32768x8192,C,br=flush8,event,10,10,flush8,0,5844,1477,1477.0,1477,20,2.821
32768x32768x8192,C,br=flush8,event,10,10,flush8,1,5785,1695,1695.0,1695,20,2.821
32768x32768x8192,C,br=flush8,event,10,10,flush8,2,5864,1695,1695.0,1695,20,2.821
32768x32768x8192,C,br=flush32,event,10,10,flush32,0,6322,1672,1672,1672,33,2.821
32768x32768x8192,C,br=flush32,event,10,10,flush32,1,6293,2062,2062.0,2062,34,2.821
32768x32768x8192,C,br=flush32,event,10,10,flush32,2,6298,2062,2062.0,2062,34,2.821
32768x32768x8192,C,br=flushA,event,10,10,flushA,0,6305,2062,2062.0,2062,32,2.821
32768x32768x8192,C,br=flushA,event,10,10,flushA,1,6338,2062,2062.0,2062,32,2.821
32768x32768x8192,C,br=flushA,event,10,10,flushA,2,6301,2062,2062,2062,31,2.821
32768x32768x8192,C,br=sleep,event,10,10,sleep,0,6310,2062,2062.0,2062,28,2.821
32768x32768x8192,C,br=sleep,event,10,10,sleep,1,6302,2062,2062.0,2062,28,2.821
32768x32768x8192,C,br=sleep,event,10,10,sleep,2,6299,2062,2062.0,2062,28,2.821
32768x32768x8192,D,wu=2,event,10,2,flush8,0,6283,2062,2062.0,2062,18,2.821
32768x32768x8192,D,wu=2,event,10,2,flush8,1,6108,2062,2062,2062,19,2.821
32768x32768x8192,D,wu=2,event,10,2,flush8,2,6246,1822,1822,2062,19,2.821
32768x32768x8192,D,wu=10,event,10,10,flush8,0,5989,1747,1822,1822,19,2.821
32768x32768x8192,D,wu=10,event,10,10,flush8,1,6107,1747,1747,1747,19,2.821
32768x32768x8192,D,wu=10,event,10,10,flush8,2,6099,1852,1852,1852,19,2.821
32768x32768x8192,D,wu=30,event,10,30,flush8,0,6095,1725,1725.0,1905,20,2.821
32768x32768x8192,D,wu=30,event,10,30,flush8,1,5680,1620,1620,1620,21,2.821
32768x32768x8192,D,wu=30,event,10,30,flush8,2,6191,1672,1672,1672,19,2.821
32768x32768x8192,D,wu=60,event,10,60,flush8,0,5863,1747,1800.0,1800,20,2.821
32768x32768x8192,D,wu=60,event,10,60,flush8,1,5864,1642,1642.0,1777,20,2.821
32768x32768x8192,D,wu=60,event,10,60,flush8,2,5780,1680,1800.0,1800,20,2.821
32768x32768x8192,D,wu10+idle0.5,event,10,10,flush8,0,6179,2062,2062,2062,19,2.821
32768x32768x8192,D,wu10+idle0.5,event,10,10,flush8,1,6199,2062,2062.0,2062,18,2.821
32768x32768x8192,D,wu10+idle0.5,event,10,10,flush8,2,6192,2062,2062,2062,19,2.821
32768x32768x8192,E,graph+nt5+flush32,graph,5,10,flush32,0,6335,1912,1912.0,1912,16,2.821
32768x32768x8192,E,graph+nt5+flush32,graph,5,10,flush32,1,6328,2062,2062,2062,17,2.821
32768x32768x8192,E,graph+nt5+flush32,graph,5,10,flush32,2,6321,2062,2062,2062,17,2.821
32768x32768x8192,E,event+nt5+flushA,event,5,10,flushA,0,6316,2062,2062,2062,15,2.821
32768x32768x8192,E,event+nt5+flushA,event,5,10,flushA,1,6311,2062,2062.0,2062,16,2.821
32768x32768x8192,E,event+nt5+flushA,event,5,10,flushA,2,6307,2062,2062.0,2062,16,2.821
32768x32768x8192,E,event+nt1+sleep,event,1,10,sleep,0,6311,2062,2062.0,2062,2,2.821
32768x32768x8192,E,event+nt1+sleep,event,1,10,sleep,1,6311,2062,2062,2062,3,2.821
32768x32768x8192,E,event+nt1+sleep,event,1,10,sleep,2,6311,2062,2062,2062,3,2.821
32768x32768x16384,A,bench_kineto,bench_kineto,10,0,flush8,0,6428,1477,1477.0,2062,72,5.367
32768x32768x16384,A,bench_kineto,bench_kineto,10,0,flush8,1,6359,1545,1545.0,1680,68,5.367
32768x32768x16384,A,bench_kineto,bench_kineto,10,0,flush8,2,6286,1680,2017.0,2017,70,5.367
32768x32768x16384,A,event(B),event,10,10,flush8,0,6555,1530,1530,1545,31,5.367
32768x32768x16384,A,event(B),event,10,10,flush8,1,6056,1545,1582.0,1582,34,5.367
32768x32768x16384,A,event(B),event,10,10,flush8,2,5955,1462,1462,1462,35,5.367
32768x32768x16384,A,graph,graph,10,10,flush8,0,6198,1597,1597,1695,33,5.367
32768x32768x16384,A,graph,graph,10,10,flush8,1,6391,1507,1507.0,1695,32,5.367
32768x32768x16384,A,graph,graph,10,10,flush8,2,6279,1590,1590,1590,33,5.367
32768x32768x16384,A,event+sync,event_sync,10,10,flush8,0,6190,1522,1522.0,1575,34,5.367
32768x32768x16384,A,event+sync,event_sync,10,10,flush8,1,5896,1590,1590,1590,35,5.367
32768x32768x16384,A,event+sync,event_sync,10,10,flush8,2,6197,1402,1402.0,1545,34,5.367
32768x32768x16384,B,nt=1,event,1,10,flush8,0,5965,1545,1545.0,1545,4,5.367
32768x32768x16384,B,nt=1,event,1,10,flush8,1,6170,1477,1477,1477,3,5.367
32768x32768x16384,B,nt=1,event,1,10,flush8,2,6255,1522,1522.0,1522,4,5.367
32768x32768x16384,B,nt=5,event,5,10,flush8,0,6052,1477,1477,1477,17,5.367
32768x32768x16384,B,nt=5,event,5,10,flush8,1,6320,1485,1485,1485,17,5.367
32768x32768x16384,B,nt=5,event,5,10,flush8,2,6056,1575,1575,1575,17,5.367
32768x32768x16384,B,nt=10,event,10,10,flush8,0,6051,1477,1545,1545,35,5.367
32768x32768x16384,B,nt=10,event,10,10,flush8,1,6095,1477,1522.0,1522,34,5.367
32768x32768x16384,B,nt=10,event,10,10,flush8,2,6158,1582,1582,1582,33,5.367
32768x32768x16384,B,nt=30,event,30,10,flush8,0,6124,1462,1522.0,1567,102,5.367
32768x32768x16384,B,nt=30,event,30,10,flush8,1,6182,1500,1515.0,1522,100,5.367
32768x32768x16384,B,nt=30,event,30,10,flush8,2,6183,1462,1530,1545,101,5.367
32768x32768x16384,C,br=none,event,10,10,none,0,5672,1372,1372.0,1530,30,5.367
32768x32768x16384,C,br=none,event,10,10,none,1,5674,1342,1342.0,1372,30,5.367
32768x32768x16384,C,br=none,event,10,10,none,2,5562,1380,1380,1380,31,5.367
32768x32768x16384,C,br=flush8,event,10,10,flush8,0,6319,1372,1372,1582,33,5.367
32768x32768x16384,C,br=flush8,event,10,10,flush8,1,6175,1530,1530.0,1582,34,5.367
32768x32768x16384,C,br=flush8,event,10,10,flush8,2,6336,1515,1515.0,1582,32,5.367
32768x32768x16384,C,br=flush32,event,10,10,flush32,0,6998,1800,1800,1800,45,5.367
32768x32768x16384,C,br=flush32,event,10,10,flush32,1,7039,2062,2062,2062,45,5.367
32768x32768x16384,C,br=flush32,event,10,10,flush32,2,6999,2017,2017,2055,45,5.367
32768x32768x16384,C,br=flushA,event,10,10,flushA,0,6999,1935,1935.0,1980,44,5.367
32768x32768x16384,C,br=flushA,event,10,10,flushA,1,7020,1995,1995,2040,45,5.367
32768x32768x16384,C,br=flushA,event,10,10,flushA,2,7020,2032,2032.0,2040,44,5.367
32768x32768x16384,C,br=sleep,event,10,10,sleep,0,6901,2062,2062,2062,51,5.367
32768x32768x16384,C,br=sleep,event,10,10,sleep,1,6903,2062,2062,2062,51,5.367
32768x32768x16384,C,br=sleep,event,10,10,sleep,2,6905,2062,2062,2062,51,5.367
32768x32768x16384,D,wu=2,event,10,2,flush8,0,6664,1665,2062,2062,31,5.367
32768x32768x16384,D,wu=2,event,10,2,flush8,1,6540,1665,1665,1665,31,5.367
32768x32768x16384,D,wu=2,event,10,2,flush8,2,6385,1650,1650.0,1650,32,5.367
32768x32768x16384,D,wu=10,event,10,10,flush8,0,6419,1560,1560.0,1627,32,5.367
32768x32768x16384,D,wu=10,event,10,10,flush8,1,6379,1627,1627.0,1627,32,5.367
32768x32768x16384,D,wu=10,event,10,10,flush8,2,5947,1500,1500.0,1500,34,5.367
32768x32768x16384,D,wu=30,event,10,30,flush8,0,6049,1492,1492,1492,35,5.367
32768x32768x16384,D,wu=30,event,10,30,flush8,1,6247,1507,1545,1545,33,5.367
32768x32768x16384,D,wu=30,event,10,30,flush8,2,6085,1485,1560.0,1560,34,5.367
32768x32768x16384,D,wu=60,event,10,60,flush8,0,6062,1477,1560.0,1560,34,5.367
32768x32768x16384,D,wu=60,event,10,60,flush8,1,6135,1582,1582,1582,33,5.367
32768x32768x16384,D,wu=60,event,10,60,flush8,2,6070,1500,1500.0,1500,34,5.367
32768x32768x16384,D,wu10+idle0.5,event,10,10,flush8,0,6749,2062,2062,2062,31,5.367
32768x32768x16384,D,wu10+idle0.5,event,10,10,flush8,1,6728,2062,2062.0,2062,32,5.367
32768x32768x16384,D,wu10+idle0.5,event,10,10,flush8,2,6765,2062,2062.0,2062,30,5.367
32768x32768x16384,E,graph+nt5+flush32,graph,5,10,flush32,0,6883,1695,1721.0,1747,22,5.367
32768x32768x16384,E,graph+nt5+flush32,graph,5,10,flush32,1,6882,2055,2055,2055,23,5.367
32768x32768x16384,E,graph+nt5+flush32,graph,5,10,flush32,2,6900,1905,1905,1987,23,5.367
32768x32768x16384,E,event+nt5+flushA,event,5,10,flushA,0,6903,1987,2032.0,2032,22,5.367
32768x32768x16384,E,event+nt5+flushA,event,5,10,flushA,1,6888,1912,1912.0,1912,22,5.367
32768x32768x16384,E,event+nt5+flushA,event,5,10,flushA,2,6886,1837,1965.0,1965,22,5.367
32768x32768x16384,E,event+nt1+sleep,event,1,10,sleep,0,6912,2062,2062,2062,5,5.367
32768x32768x16384,E,event+nt1+sleep,event,1,10,sleep,1,6917,2062,2062,2062,5,5.367
32768x32768x16384,E,event+nt1+sleep,event,1,10,sleep,2,6906,2062,2062,2062,5,5.367
